INSERT INTO `strategy` (`id`, `name`, `vision`, `mission`, `start_date`, `end_date`, `status`, `created_at`, `updated_at`) VALUES
(4,	'2020/21-2024/25',	'An Inclusive Digital Economy',	'To Develop a Robust Communications sector that Drives Economic Growth',	'2020-06-30 21:00:00',	'2025-06-29 21:00:00',	'In Progress',	'2023-02-28 12:03:34',	'2023-02-28 12:03:34');

INSERT INTO `strategy_perspectives` (`id`, `perspective_name`, `composite_weight`, `perspective_score`, `perspective_status`, `created_at`, `strategy_id`, `updated_at`, `status`) VALUES
(3,	'Customer and stakeholder',	25,	0,	'Active',	'2023-02-28 12:05:47',	4,	'2023-02-28 12:05:47',	1),
(4,	'Financial stewardship ',	25,	0,	'Active',	'2023-02-28 12:06:22',	4,	'2023-02-28 12:06:22',	1),
(5,	'Business processes',	25,	0,	'Active',	'2023-02-28 12:06:59',	4,	'2023-02-28 12:06:59',	1),
(6,	'Organizational capacity',	25,	0,	'Active',	'2023-02-28 12:07:36',	4,	'2023-02-28 12:07:36',	1),
(7,	'Processes',	10,	0,	'In Progress',	'2023-09-08 05:33:05',	4,	'2023-09-08 05:33:29',	0),
(8,	'Processes',	10,	0,	'In Progress',	'2023-09-08 06:46:57',	4,	'2023-09-08 07:18:03',	0);

INSERT INTO `financial_years` (`id`, `year`, `date_added`, `status`) VALUES
(1,	'2025/2026',	'2023-11-28 12:29:39',	1);
(2,	'2024/2025',	'2023-11-28 12:29:39',	1);
(3,	'2023/2024',	'2023-11-28 12:29:39',	1);
(4,	'2022/2023',	'2023-05-05 05:37:21',	1),
(5,	'2021/2022',	'2023-05-05 05:37:33',	0),
(6,	'2020/2021',	'2023-05-05 05:37:41',	0),
(7,	'2019/2020',	'2023-05-05 05:37:53',	0),

INSERT INTO `objectives` (`id`, `objective_title`, `composite_weight`, `corp_objective_target`, `objective_score`, `corp_objective_status`, `created_at`, `corp_objective_owner`, `perspective_id`, `status`) VALUES
(6,	'Increase Communications User satisfaction',	11,	73,	0,	'Active',	'2023-02-28 12:21:20',	7,	3,	1),
(7,	'Maximize Stakeholder Value',	11,	73,	0,	'Active',	'2023-02-28 12:23:04',	7,	3,	1),
(8,	'Promote Sector Competitiveness',	11,	73,	0,	'Active',	'2023-02-28 12:23:51',	7,	3,	1),
(9,	'Optimize Resources',	11,	98,	0,	'Active',	'2023-02-28 12:26:18',	7,	4,	1),
(10,	'Improve Regulatory Processes',	11,	95,	0,	'Active',	'2023-02-28 12:28:22',	7,	5,	1),
(11,	'Strengthen Stakeholder Collaboration',	11,	95,	0,	'Active',	'2023-02-28 12:29:15',	7,	5,	1),
(12,	'Improve Tools & Technology',	11,	84,	0,	'Active',	'2023-02-28 12:31:32',	7,	6,	1),
(13,	'Enhance Organizational Culture',	11,	84,	0,	'Active',	'2023-02-28 12:32:46',	7,	6,	1),
(14,	'Improve Knowledge Skills and Abilities',	11,	84,	0,	'Active',	'2023-02-28 12:34:25',	7,	6,	1),
(23,	'Improve Staff Skills Knowledge and Abilities',	25,	88,	0,	'Active',	'2023-04-13 13:15:51',	10,	6,	0),
(24,	'Improve process efficiency by 20% by year 3',	20,	80,	0,	'Active',	'2023-09-08 06:48:56',	7,	8,	0);


-- Departments
INSERT INTO `departments` (`id`, `name`, `acronym`, `mission`, `HOD`, `created_at`, `updated_at`, `status`) VALUES
(3,	'Legal',	NULL,	'To Provide Expert & Efficient Legal Advisory & Procurement services to facilitate execution of the Commissions Mandate ',	'8',	'2023-02-23 08:31:21',	'2023-11-28 04:59:39',	1),
(4,	'Corporate Affairs',	NULL,	'To Facilitate the Development & Implementation of UCC’s Strategy and Strengthen Credibility that Fosters Sustainable Relationships for the Commission',	'9',	'2023-02-23 08:32:16',	'2023-05-09 12:33:57',	1),
(9,	'Industry Affairs and Content',	NULL,	'Promote Industry Competitiveness & Consumer Protection for Quality Communication User Experience ',	'5',	'2023-03-03 13:18:12',	'2023-03-03 13:18:12',	1),
(10,	'Engineering & Communication Infrastructure ',	NULL,	'To Develop & Implement Innovative & Responsive Technical Regulatory Tools that Drive the Development of the Communications Sector',	'4',	'2023-03-03 13:19:24',	'2023-03-03 13:19:24',	1),
(11,	'Human Resources and Administration  ',	NULL,	'To Provide Innovative Human Resource Solutions & Efficient Administrative Services that Delivers a Conducive Workplace which Promotes a Productive Workforce & Operational Efficiency ',	'6',	'2023-03-03 13:20:59',	'2023-03-03 13:20:59',	1),
(12,	'Uganda Communications Universal Service Access Fund.',	NULL,	'To Facilitate Universal Access to Communication Services in Uganda ',	'5',	'2023-03-03 13:22:15',	'2023-03-03 13:22:15',	1),
(13,	'ICT & Research ',	NULL,	'To Enhance Our Customers Decision through Knowledge Generation and Innovative ICT Solutions',	'4',	'2023-03-03 13:23:33',	'2023-03-03 13:23:33',	1),
(14,	'Internal Audit ',	NULL,	'To Provide Objective Independent Assurance & Advisory Services that Minimize Organizational Risks, Improve Controls and Enhance Governance  ',	'5',	'2023-03-03 13:25:34',	'2023-03-03 13:25:34',	1),
(15,	'Finance',	NULL,	'To Provide Professional & Efficient Financial Management & Advisory Services That Optimises Resource use in UCC',	'5',	'2023-03-06 06:56:53',	'2023-03-06 06:56:53',	1);



-- Department Objectives
INSERT INTO `department_objectives` (`id`, `objective_title`, `composite_weight`, `objective_score`, `objective_status`, `created_at`, `department_id`, `objective_id`, `status`) VALUES
(9,	'Increase Stakeholder satisfaction',	70,	7,	'active',	'2023-02-28 13:34:10',	3,	6,	1),
(17,	'Strengthen Regulatory Frameworks',	80,	0,	'active',	'2023-03-02 06:12:27',	3,	10,	1),
(18,	'Optimize Resources',	80,	0,	'active',	'2023-03-02 06:55:54',	3,	9,	1),
(19,	'Improve Board, Legal and PDU Compliance Management',	80,	0,	'active',	'2023-03-02 07:30:28',	3,	11,	1),
(20,	'Improve Board, Legal and PDU Process Efficiency',	70,	0,	'active',	'2023-03-02 09:05:35',	3,	11,	1),
(21,	'Strengthen Legal and PDU Risk Management',	70,	0,	'active',	'2023-03-02 13:33:38',	3,	11,	1),
(22,	'Promote use of communication services',	11,	0,	'active',	'2023-03-06 08:12:07',	12,	6,	1),
(23,	'Improve UCUSAF operational efficiency ',	11,	0,	'active',	'2023-03-06 08:33:00',	12,	9,	1),
(24,	'Increase project monitoring turnaround',	80,	0,	'active',	'2023-03-06 09:09:16',	12,	9,	1),
(25,	'Improve project conceptualization',	90,	0,	'active',	'2023-03-06 09:14:43',	12,	9,	1),
(28,	'Improve contract management',	90,	0,	'active',	'2023-03-06 09:31:09',	12,	9,	1),
(29,	'Improve Resource Mobilisation and Use',	100,	0,	'active',	'2023-03-06 09:36:38',	15,	9,	1),
(30,	'Increase Customer & Stakeholder Satisfaction',	80,	0,	'active',	'2023-03-06 09:40:48',	15,	6,	1),
(33,	'Improve Resource Mobilisation and Use',	5,	0,	'active',	'2023-03-06 11:19:54',	15,	9,	0),
(34,	'Decrease Number of Rolled Over projects',	25,	0,	'active',	'2023-03-06 11:28:16',	12,	9,	1),
(35,	'Enhance Financial Accountability',	80,	0,	'active',	'2023-03-06 11:32:21',	15,	11,	1),
(36,	'Strengthen stakeholder relationships',	80,	0,	'active',	'2023-03-06 11:35:11',	12,	11,	1),
(38,	'Improve Revenue Management',	100,	0,	'active',	'2023-03-06 11:47:55',	15,	9,	1),
(42,	'Improve customer & stakeholder satisfaction',	80,	0,	'active',	'2023-03-06 13:04:20',	11,	11,	1),
(43,	'Strengthen Expenditure Management',	85,	0,	'active',	'2023-03-06 13:07:14',	15,	9,	1),
(44,	'Strengthen Financial Reporting ',	90,	0,	'active',	'2023-03-06 13:33:09',	15,	11,	1),
(45,	'Increase employee productivity',	88,	0,	'active',	'2023-03-06 13:36:05',	11,	14,	1),
(46,	'Optimize HRA resources',	95,	0,	'active',	'2023-03-06 13:52:33',	11,	9,	1),
(47,	'Enhance Planning & Budgeting',	100,	0,	'active',	'2023-03-07 06:12:21',	15,	9,	1),
(48,	'Improve DF Skills, Knowledge & Abilities',	100,	0,	'active',	'2023-03-07 06:21:24',	15,	14,	1),
(51,	'Improve HRA operational efficiency',	11,	0,	'active',	'2023-03-07 07:32:14',	11,	9,	1),
(52,	'Enhance UCC Business success',	80,	0,	'active',	'2023-03-07 08:20:07',	3,	12,	1),
(53,	'Staff Performance',	80,	0,	'active',	'2023-03-07 08:34:11',	3,	14,	1),
(54,	'Improve/Promote good governance',	75,	0,	'active',	'2023-03-07 09:02:18',	14,	7,	1),
(55,	'Improve HRA tools & Technology',	11,	0,	'active',	'2023-03-07 09:12:26',	11,	12,	1),
(56,	'Promote organizational culture',	11,	0,	'active',	'2023-03-07 09:19:29',	11,	13,	0),
(57,	'Improve timely conclusion of complaints •Consumer complaints •Content complaints •Licensee disputes',	11,	0,	'active',	'2023-03-07 11:52:20',	9,	11,	1),
(58,	'Improve the timely availability of information to stakeholders •Market reports •Consumer advisories •Content quota reports •Competition scans ',	11,	0,	'active',	'2023-03-07 14:03:31',	9,	11,	1),
(59,	'Reduce cost of doing business/operation',	11,	0,	'active',	'2023-03-07 14:11:52',	9,	9,	1),
(60,	'Enhance Stakeholder Collaboration',	75,	0,	'active',	'2023-03-09 06:00:01',	14,	7,	1),
(61,	'Optimise Financial Resource Use',	90,	0,	'active',	'2023-03-09 06:40:21',	14,	9,	1),
(62,	'Improve quality of audit services',	80,	0,	'active',	'2023-03-09 07:12:00',	14,	7,	1),
(63,	'Enhance UCC business process',	70,	0,	'active',	'2023-03-09 09:03:20',	14,	11,	1),
(64,	'Strengthen coordination of Risk management',	70,	0,	'active',	'2023-03-09 09:45:34',	14,	7,	1),
(65,	'Improve responsiveness of the regulatory frameworks and standards ',	11,	0,	'active',	'2023-03-09 11:06:31',	9,	10,	1),
(66,	'Improve the timeliness of DIAC’s plan execution, compliance activities and assessment decisions',	11,	0,	'active',	'2023-03-09 11:12:21',	9,	10,	1),
(67,	'Improve IAC Tools & Technology capability for better work environment & processes •Online data portal •Digital logger •Call Centre ',	11,	0,	'active',	'2023-03-09 11:29:48',	9,	12,	1),
(68,	'Strengthen Internal Compliance Monitoring',	80,	0,	'active',	'2023-03-09 12:12:34',	14,	11,	1),
(69,	'Improve Quality of Communication services offered by Licensees',	11,	0,	'active',	'2023-03-09 12:25:09',	10,	8,	1),
(72,	'Improve IA Tools and Technologies',	80,	0,	'active',	'2023-03-09 13:04:02',	14,	12,	1),
(73,	'Improve IA Skills, knowledge and Abilities',	75,	0,	'active',	'2023-03-09 13:22:51',	14,	14,	1),
(74,	'Improve utilization of Communication Resources (Spectrum, Numbering and Electronic Addressing/LCNs)',	80,	0,	'active',	'2023-03-10 09:56:22',	10,	9,	1),
(75,	'Improve the timeliness of ECI’s actions, compliance activities and assessment decisions',	83,	0,	'active',	'2023-03-13 05:35:32',	10,	10,	1),
(76,	'Improve availability of our technical tools to be used when required',	80,	0,	'active',	'2023-03-13 07:29:03',	10,	12,	1),
(78,	'Improve customer and stakeholder satisfaction',	80,	0,	'active',	'2023-03-20 07:51:25',	13,	11,	1),
(79,	'Improve cyber security',	60,	0,	'active',	'2023-03-20 09:20:58',	13,	6,	1),
(80,	'Optimize ICT&R resources',	100,	0,	'active',	'2023-03-20 09:36:24',	13,	9,	1),
(81,	'Strengthen risk Management',	80,	0,	'active',	'2023-03-20 12:32:12',	13,	11,	1),
(82,	'Enhance Knowledge Management',	67,	0,	'active',	'2023-03-20 13:22:36',	13,	14,	1),
(83,	'Improve Operational efficiency',	60,	0,	'active',	'2023-03-21 06:04:14',	13,	11,	1),
(84,	'Improve Tools and Technology',	80,	0,	'active',	'2023-03-21 07:33:01',	13,	12,	1),
(85,	'Enhance Staff Performance',	70,	0,	'active',	'2023-03-21 07:50:22',	13,	14,	1),
(86,	'Enhance UCC Business success',	80,	0,	'active',	'2023-03-21 08:03:27',	13,	11,	1),
(87,	'Improve Quality of Identified trainings',	88,	0,	'active',	'2023-04-13 13:17:17',	11,	23,	0),
(92,	'Improve stakeholder awareness',	70,	0,	'active',	'2023-04-17 07:30:40',	4,	11,	1),
(93,	'Enhance visibility and image of UCC Brand',	80,	0,	'active',	'2023-04-17 08:25:23',	4,	13,	1),
(94,	'Enhance UCC Business Success ',	80,	0,	'active',	'2023-04-17 08:32:23',	4,	8,	1),
(95,	'Minimize Budget Variance ',	90,	0,	'active',	'2023-04-17 08:39:31',	4,	9,	1),
(96,	'Improve Corporate Performance Reporting ',	80,	0,	'active',	'2023-04-17 08:56:34',	4,	11,	1),
(97,	'Enhance coordination of CA Internal stakeholders',	75,	0,	'active',	'2023-04-17 08:59:02',	4,	11,	1),
(98,	'Increase CA System & Process Efficiency ',	70,	0,	'active',	'2023-04-17 09:02:21',	4,	12,	1),
(99,	'Improve productivity of Corporate Affairs Staff ',	80,	0,	'active',	'2023-04-17 09:04:36',	4,	23,	1),
(100,	'Improve CA Tools & Technology ',	50,	0,	'active',	'2023-04-17 09:07:12',	4,	12,	1),
(102,	'Improve Skills, Knowledge & Abilities',	70,	0,	'active',	'2023-04-25 12:28:18',	9,	23,	1),
(103,	'Improve IA Skills, Knowledge and Abilities',	70,	0,	'active',	'2023-08-14 07:43:17',	14,	23,	0),
(104,	'Improve IA Skills, Knowledge and Abilities',	70,	0,	'active',	'2023-08-14 07:45:21',	14,	23,	0),
(105,	'YYYYY',	90,	0,	'active',	'2023-08-14 13:36:21',	11,	7,	0),
(106,	'YYYYYYY',	90,	0,	'active',	'2023-08-14 13:38:23',	11,	6,	0),
(107,	'kkkkk',	80,	0,	'active',	'2023-10-24 08:07:32',	3,	9,	0);


-- Department KPIs
INSERT INTO `department_measures` (`id`, `measure`, `target`, `formula`, `score`, `created_at`, `objective_id`, `status`) VALUES
(14,	'Percentage of received stakeholder requests resolve',	85,	'(Number of of received stakeholder requests resolved/Total Number of stakeholder requests received)*100',	14,	'2023-02-28 13:35:46',	9,	1),
(23,	'Percentage of planned engagements undertaken (DPP, UPF, industry bodies, Solicitor General, MoJCA, Judiciary, ULS)',	85,	'(Number of engagements undertaken (DPP, UPF, industry bodies, Solicitor General, MoJCA, Judiciary, ULS)/Total Number of planned engagements)*100',	0,	'2023-03-01 13:47:29',	9,	1),
(24,	'Percentage of regulatory gaps identified with proposals',	80,	'(Number of regulatory gaps with proposals/total number of regulatory gaps identified) *100',	0,	'2023-03-02 06:14:22',	17,	1),
(25,	'Percentage of procurements within budget ',	80,	'(Number of procurements within budget/Total Number of procurements made)*100',	0,	'2023-03-02 07:05:18',	18,	1),
(26,	'Percentage of procurements executed in time. ',	80,	'(Number of procurements executed in time/planned procurements)*100',	0,	'2023-03-02 07:06:27',	18,	1),
(27,	'Percentage of operators notified on compliance and reporting processes within the month of May ',	80,	'(Number of operators notified on compliance and reporting processes within the month of May /Total Number of operators)*100',	0,	'2023-03-02 07:33:47',	19,	1),
(28,	'Percentage of departments engaged on compliance issues per quarter',	80,	'(Number of departments engaged on compliance issues per quarter/Total Number of Departments planned)*100',	0,	'2023-03-02 07:35:02',	19,	1),
(29,	'Percentage of departments-initiated operator compliance issues addressed ',	80,	'(Number of departments-initiated operator compliance issues addressed /Total Number of compliance issues initiated)*100',	0,	'2023-03-02 07:46:26',	19,	1),
(30,	'Percentage of PPDA Audit issues addressed',	80,	'(Number of PPDA Audit issues addressed/Total Number of PPDA Audit Issues raised)*100',	0,	'2023-03-02 07:47:46',	19,	1),
(31,	'Percentage of internal Audit issues addressed',	80,	'(Number of Internal Audit issues addressed/Total Number of Internal Audit Issues raised)*100',	0,	'2023-03-02 07:49:16',	19,	1),
(32,	'Percentage of cases filed within schedule.',	80,	'(Number of cases filed within schedule/Total Number of cases)*100',	0,	'2023-03-02 07:53:15',	19,	1),
(33,	'Percentage of licenses issued within statutory timelines',	80,	'(Number of licenses issued within statutory timelines/Total Number of Licenses issued)*100',	0,	'2023-03-02 07:56:00',	19,	1),
(34,	'Percentage of Procurements undertaken within set timelines (Percentage of service charter targets achieved',	70,	'Number of service charter targets achieved/Total Number of service charter tagets',	0,	'2023-03-02 09:07:21',	20,	1),
(35,	'Percentage of board documents developed and submitted on time',	70,	'(Number of board documents developed and submitted on time/Total  Number of Board Documents developed)*100',	0,	'2023-03-02 09:08:54',	20,	1),
(36,	'Percentage of cases handled within statutory periods ',	70,	'(Number of cases handled within statutory timelines/Total Number of cases handled)*100',	0,	'2023-03-02 12:58:46',	19,	1),
(37,	'Percentage of cases handled within statutory periods ',	70,	'(Number of cases handled within statutory timelines/Total Number of cases handled)*100',	0,	'2023-03-02 13:01:05',	20,	1),
(38,	'Percentage of opinions provided to internal clients within 7days ',	70,	'(Number of opinions provided to internal clients within 7days/Total Number Received)*100',	0,	'2023-03-02 13:05:06',	20,	1),
(39,	'Percentage of investigations concluded within set timelines.',	70,	'Number of investigations concluded within set timelines/Total Number of Investigations Carried out',	0,	'2023-03-02 13:07:02',	20,	1),
(40,	'Percentage of identified risks with workable mitigation measures in place',	70,	'(Number of identified risks with workable mitigation measures in place/Total Number of Risks identified)*100',	0,	'2023-03-02 13:34:39',	21,	1),
(41,	'Percentage of mitigation measures with updates.',	70,	'(Number of mitigation measures with updates/Total Number of mitigation measures)*100',	0,	'2023-03-02 13:36:28',	21,	1),
(42,	'Stakeholder satisfaction score',	80,	'Survey score',	0,	'2023-03-06 08:15:29',	22,	1),
(43,	'Percentage of technical audit completed within three weeks',	70,	'Number of technical audits completed/Total number of technical audits*100',	0,	'2023-03-06 08:46:44',	23,	1),
(44,	'Percentage of project monitoring activities completed as per schedule',	80,	'Number of project monitoring activities done/Total number of projects*100',	0,	'2023-03-06 09:13:12',	24,	1),
(45,	'Percentage of projects initiated as per schedule/workplan',	90,	'Number of projects initiated/Total number of projects in the workplan *100',	0,	'2023-03-06 09:27:46',	25,	1),
(47,	'Percentage of projects executed as per schedule',	90,	'Number of projects executed/Total number of projects in the schedule*100',	0,	'2023-03-06 09:36:18',	28,	1),
(48,	'Budget Absorption Rate',	100,	'(Actual Expenditure/Budgeted Amount)*100',	0,	'2023-03-06 09:37:49',	29,	1),
(49,	'Percentage of creditors below 30 days',	80,	'(Number of creditors below 30 days/Total Number of creditors)*100',	0,	'2023-03-06 09:41:40',	30,	1),
(52,	'Percentage Expenditure aligned to Strategy',	100,	'Percentage of analysis of actual vs strategy',	0,	'2023-03-06 11:18:16',	29,	1),
(53,	'Percentage Increase in Revenue',	5,	'Revenue Growth = 100*(Current FY Revenue - Previous FY Revenue)/Previous FY Revenue',	0,	'2023-03-06 11:21:13',	33,	1),
(54,	'Percentage of projects rolled over to the next year',	25,	'Number of projects rolled over/Total number of projects implemented*100',	0,	'2023-03-06 11:31:18',	34,	1),
(55,	'Percentage of identified audit recommendations implemented',	80,	'(Number of audit recommendations implemented/ Total number of audit recommendations identified.)*100',	0,	'2023-03-06 11:33:51',	35,	1),
(56,	'Percentage of identified Board/TMT recommendations implemented',	80,	'(Number of Board and TMT recommendations implemented/Total number of audit recommendations identified)*100',	0,	'2023-03-06 11:35:43',	35,	1),
(57,	'Percentage of correspondences completed as per the charter',	80,	'Number of correspondences answered/Total number of correspondences received*100',	0,	'2023-03-06 11:42:30',	36,	1),
(59,	'Percentage of Revenues Billed',	100,	'(Amount of Revenues Billed/Amount of Revenue Budgeted)*100',	0,	'2023-03-06 11:49:00',	38,	1),
(60,	'Percentage of Revenues Collected',	80,	'(Amount of Revenues collected/Amount of Revenue Budgeted)*100',	0,	'2023-03-06 11:49:56',	38,	1),
(61,	'Percentage of Debtors below 90 days',	85,	'(Number of Debtors below 90 days/Total Number of Debtors)*100',	0,	'2023-03-06 11:56:40',	38,	1),
(62,	'Employee satisfaction score',	80,	'Staff satisfaction score| Benefits satisfaction| Services satisfaction survey score',	0,	'2023-03-06 13:05:22',	42,	1),
(63,	'Percentage of Creditors below 90 Days ',	90,	'(Number of Creditors below 60 days/Total Number of Creditors)*100',	0,	'2023-03-06 13:07:51',	43,	1),
(64,	'Percentage of staff outstanding accountable advances below 60 days',	80,	'(Number of staff with outstanding accountable advances below 60 days/Total Number of staff with accountable advances)*100',	0,	'2023-03-06 13:08:54',	43,	1),
(65,	'Percentage of service requests successfully handled within 7 days',	70,	'(Number of service requests successfully handled within 7 days/Total number of service requests received)*100',	0,	'2023-03-06 13:20:42',	42,	1),
(66,	'Percentage of finance reports developed in line with the QA framework and submitted on agreed timelines',	90,	'(Number of finance reports developed in line with the QA framework and submitted on agreed timelines/ Total Number of Financial Reports produced)*100',	0,	'2023-03-06 13:34:53',	44,	1),
(67,	'Percentage of staff who met performance targets',	80,	'(Number of staff scoring above 65%/Total number of eligible staff)*100',	0,	'2023-03-06 13:37:46',	45,	1),
(68,	'Budget absorption rate',	100,	'(Actual expenditure/Amount in the HRA budget)*100',	0,	'2023-03-06 13:54:38',	46,	1),
(69,	'Percentage of savings on HRA department budget in identified business processes',	2,	'(Planned expenditure-Actual expenditure)/Planned expenditure*100',	0,	'2023-03-07 06:04:41',	46,	0),
(70,	'Timeliness of budget preparation',	100,	'In accordance to PFMA',	0,	'2023-03-07 06:13:03',	47,	1),
(71,	'Annual budget Report Quality Score',	100,	'In accordance to PFMA',	0,	'2023-03-07 06:13:54',	47,	1),
(72,	'Skills gap ',	100,	' Finance skills gap = (Number of Finance staff trained/Total number of HRA staff scheduled for training)*100',	0,	'2023-03-07 06:22:11',	48,	1),
(74,	'Percentage of work plan activities implemented in time. ',	80,	'(Number of activities implemented in time/Total workplan activities)*100',	0,	'2023-03-07 07:34:57',	51,	1),
(75,	'Percentage of Finance staff meeting intended performance goals',	70,	'Staff Productivity Score = (Number of Staff scoring above 70%/Total number of staff appraised)*100',	0,	'2023-03-07 08:06:41',	48,	1),
(76,	'Percentage of identified HRA audit recommendations implemented',	80,	'(Number of audit issues addressed/Total number of audit issues identified)*100',	0,	'2023-03-07 08:10:23',	51,	1),
(77,	'Percentage of Departmental targets achieved',	80,	'Number of Targets achieved/Total Number of Departmental Targets',	0,	'2023-03-07 08:20:50',	52,	1),
(78,	'Percentage of legal staff achieving 65% and above ',	80,	'(Number of staff achieving 65% and above /Total Number of staff in the department)*100',	0,	'2023-03-07 08:35:08',	53,	1),
(79,	'Talent retention rate (High performing staff)',	95,	'(Number of staff retained with appraisal score above 70%/Total number of eligible staff in specified period)*100',	0,	'2023-03-07 08:45:13',	51,	1),
(80,	'Post training evaluation score',	80,	'Percentage of training programs scores above 80%',	0,	'2023-03-07 09:02:50',	51,	1),
(81,	'Percentage of quarterly reports submitted to the audit Committee within the schedule to the Committee meeting',	75,	'(Number of quarterly reports submitted as per schedule in the FY 2022-23/Total Number of Reports Planned)*100',	0,	'2023-03-07 09:02:59',	54,	1),
(82,	'Percentage of reports on Board actions presented as per schedule',	75,	'(Number of reports on Board actions presented as per schedule in the FY 2022-23/Number of reports scheduled for presentation to TMT in the FY 2022-23)*100',	0,	'2023-03-07 09:13:00',	54,	1),
(83,	'Percentage of HRA services conducted online',	100,	'Number of HRA services conducted online (Performance appraisal & leave)/Total number of HRA services*100',	0,	'2023-03-07 09:13:45',	55,	1),
(84,	'Percentage of consumer related complaints concluded within the set timelines (2 weeks)',	95,	'Number of complaints for which the UCC decision has been communicated to the consumer in the set time/total number of consumer complaints received (call Centre, letters, email and social media)',	0,	'2023-03-07 11:57:27',	57,	1),
(85,	'Percentage of content related complaints concluded within 20 working days',	80,	'Number of complaints for which a UCC ruling is communicated to the complainant in the set time/total number of content related complaints received ',	0,	'2023-03-07 13:01:58',	57,	1),
(86,	'Percentage of content related complaints concluded within 20 working days',	80,	'Number of complaints for which a UCC ruling is communicated to the complainant in the set time/total number of content related complaints received ',	0,	'2023-03-07 13:53:47',	57,	0),
(87,	'Percentage of competition related complaints concluded within 45 working days',	85,	'Number of complaints for which a UCC ruling is issued to the complainant in the set time/total number of competition related complaints received',	0,	'2023-03-07 13:59:47',	57,	1),
(88,	'Percentage of market reports ready for publication in the month following the respective quarter',	75,	'Number of quarterly reports approved for publication by ED the month following the respective quarter/4 (number of quarters in the year) ',	0,	'2023-03-07 14:04:32',	58,	1),
(89,	'Percentage of consumer advisories issued ',	62,	'Number of weekly consumer notices put out/52 (number of weeks)',	0,	'2023-03-07 14:05:54',	58,	1),
(90,	'Percentage of quarterly local quota assessment reports ready for publication in the month following the respective quarter',	75,	'Number of quarterly reports approved for publication by ED the month following the respective quarter/4 (number of quarters in the year)',	0,	'2023-03-07 14:06:50',	58,	1),
(91,	'Percentage of available quarterly reports of competition market scans undertaken ',	50,	'Number of quarterly competition reports presented to TMT in the month following the respective quarter/4 (number of quarters in the year)',	0,	'2023-03-07 14:07:56',	58,	1),
(92,	'Percentage of cost centers in which a saving has been achieved versus budget •Publications •Events •Outreach  •Consultancies •Field work •Tools & equipment',	66,	'Number of cost centers implemented with at least 2% savings relative to budget/6 (number of cost centers)',	0,	'2023-03-07 14:12:53',	59,	1),
(93,	'Percentage of reports on TMT actions presented as per schedule',	75,	'(Number of reports on TMT actions presented as per schedule in the FY 2022-23/Number of reports scheduled for presentation to TMT in the FY 2022-23)*100',	0,	'2023-03-09 05:30:22',	54,	1),
(94,	'Proportion of internal stakeholder engagements accomplished as per schedule',	75,	'(Number of internal stakeholder engagements accomplished in the FY 2022-23/Total number of planned/scheduled engagements during the FY 2022-23)*100',	0,	'2023-03-09 06:07:35',	60,	1),
(95,	'Proportion of expenditure requests for the department initiated on time',	90,	'(Number of expenditure requests initiated on time in the FY 2022-23/Total number of expenditure requests initiated)*100',	0,	'2023-03-09 06:42:20',	61,	1),
(96,	'Percentage of contracts implemented within the contractual period',	85,	'(Number of contracts implemented within the contractual period during the FY 2022-23/Total number of scheduled contracts in the FY 2022-23)*100',	0,	'2023-03-09 06:49:19',	61,	1),
(97,	'Proportion of departmental outputs accomplished as per schedule',	80,	'(Number of departmental assignments accomplished within set timelines during the FY 2022-23/ Total number of departmental assignments scheduled during the FY 2022-23)*100',	0,	'2023-03-09 07:12:51',	62,	1),
(98,	'Proportion of audits accomplished within set quality standards.',	80,	'(Number of audit, compliance, and risk assignments accomplished as per the set quality standards during the FY 2022-23/ Total Number of audit, compliance, and risk assignments implemented during the FY 2022-23)*100',	0,	'2023-03-09 07:24:12',	62,	1),
(99,	'Proportion of investigations achieved per schedule.',	80,	'(Number of investigations executed during the FY 2022-23/ Total number of investigations scheduled in the FY 2022-23)*100',	0,	'2023-03-09 07:29:29',	62,	1),
(100,	'Proportion of quarterly action follow up reports submitted to the audit Committee as per schedule to the Committee meeting',	80,	'(Number of quarterly action follow up reports submitted as per reschedule during the FY 2022-23/Total number of actions follow up reports scheduled for submission to the Audit Committee for the FY 2022-23)*100',	0,	'2023-03-09 07:42:33',	62,	1),
(101,	'Proportion of scheduled departmental outputs accomplished.',	70,	'(Number of departmental assignments accomplished within the FY 2022-23/ Total number of scheduled departmental assignments for the FY 2022-23)*100',	0,	'2023-03-09 09:04:01',	63,	1),
(102,	'Proportion of scheduled sensitizations/engagements conducted with Risk champions.',	70,	'(Number of sensitizations/engagements (with Risk champions) implemented within the FY 2022-23/ Total number of sensitizations/engagements with Risk champions scheduled for the FY 2022-23)*100',	0,	'2023-03-09 09:48:32',	64,	1),
(103,	'Percentage of identified regulatory frameworks/standards completed •Content distribution and exhibition •Roll over of unutilized data •Significant market power',	80,	'Number of identified regulatory frameworks completed/total number of frameworks identified for review',	0,	'2023-03-09 11:09:01',	65,	1),
(104,	'Percentage of licensees with compliance status (based on report submitted & audits/inspections conducted) of not more than six months old  •Competition obligations •Postal  •Consumer ',	70,	'Number of licensees with compliance information/total number of licensees',	0,	'2023-03-09 11:13:23',	66,	1),
(105,	'Percentage of technical evaluations for licenses completed within the 14 days',	70,	'Number of technical evaluations for licenses completed in line within the set timelines/Total number of license applications received',	0,	'2023-03-09 11:15:02',	66,	1),
(106,	'Percentage of departmental workplan activities implemented as scheduled',	80,	'Number of workplan items executed within planned period/ number of work plan items',	0,	'2023-03-09 11:16:15',	66,	1),
(107,	'Average Availability Score •Criteria for availability/functionality for each tool/system to be set •Quarterly assessments for each tool against the respective criteria to determine tool availability ',	65,	'Availability Score per Quarter= (No. of equipment meeting the established criteria/ total number of equipment) *100 \n&\nAverage   Availability Score = (FSQ1+ FSQ2+ FSQ3+ FSQ4)/4',	0,	'2023-03-09 11:42:29',	67,	1),
(108,	'Proportion of sensitizations/ engagements conducted with Risk champions',	70,	'(Number of sensitizations/engagements (with business units) implemented within the FY 2022-23/Total number of sensitizations/engagements with Risk champions  scheduled for the FY 2022-23)*100',	0,	'2023-03-09 11:58:04',	64,	0),
(109,	'Proportion of sensitizations/engagements conducted with scheduled staff/departments',	60,	'(Number of sensitizations/engagements(with business units) implemented during the FY 2022/23/Total number of sensitization/engagements (with business units) scheduled for the FY 2022/23)*100',	0,	'2023-03-09 12:03:24',	64,	1),
(110,	'Percentage of scheduled business units with updated compliance registers as per schedule',	80,	'(Number of business units’ compliance registers updated during the FY2022-23/ Total number of business units’ compliance registers scheduled for updates in the FY 2022-23*100',	0,	'2023-03-09 12:13:28',	68,	1),
(111,	'Percentage of planned QoS publications/reports prepared (Three publications)',	100,	'(Number of publications issued/Total number of planned QoS publications) *100',	0,	'2023-03-09 12:26:30',	69,	1),
(112,	'Percentage of reported cases of interference to telecom, FM radio & TV operations resolved',	60,	'(Number of reported cases of interference to telecom, FM radio & TV operations resolved/Total number of interference cases received) *100',	0,	'2023-03-09 12:51:41',	69,	1),
(113,	'Proportion of assignments accomplished using the audit tools',	80,	'(Number of assignments performed during the FY 2022-23 using the audit tools/ Total number of assignments scheduled to use audit tools in the FY 2022-23)*100',	0,	'2023-03-09 13:07:54',	72,	1),
(114,	'Proportion of Internal audit & risk staff trained as per the skills gap',	70,	'(Number of staff trained in the FY 2022-23/ Total number of staff scheduled for training in the FY 2022-23)*100',	0,	'2023-03-09 13:23:53',	73,	1),
(115,	'Proportion of Internal audit & risk staff attaining the 65% performance appraisal score.',	80,	'(Number of staff attaining 65% performance appraisal score in the FY 2022-23/Total of number of staff in the department in the FY 2022-23)*100',	0,	'2023-03-09 13:25:00',	73,	1),
(116,	'Percentage of assigned resources in use (Spectrum, Numbering and Electronic Addressing/LCNs)',	80,	'(Number of assigned resources/Total Assigned Resources) *100',	0,	'2023-03-10 09:57:38',	74,	1),
(119,	'Percentage of technical evaluations for licenses completed in line with the department charter',	83,	'(Number of technical evaluations for licences completed in line with the department charter/Total number of license applications received) *100',	0,	'2023-03-13 05:36:49',	75,	1),
(120,	'Percentage of operators with information on compliance status not more than six months old',	80,	'(Number of licensees with compliance information that is six months or less/total number of licensees) *100',	0,	'2023-03-13 05:49:46',	75,	1),
(121,	'Percentage of applications processed in line with the department charter',	82,	'(Number of applications processed in line with service charter/total number of license applications received) *100',	0,	'2023-03-13 07:01:21',	75,	0),
(122,	'Percentage of workplan activities implemented as scheduled',	80,	'(Number of workplan activities implemented as scheduled/total number of workplan activities planned) *100',	0,	'2023-03-13 07:08:46',	75,	1),
(123,	'Average Availability Score',	80,	'Average Availability Score = (FSQ[1]1+ FSQ2+ FSQ3+ FSQ4)/4',	0,	'2023-03-13 07:30:37',	76,	1),
(126,	'ICT/R user Satisfaction score',	80,	'Internal User Satisfaction survey score; rating of satisfaction of services',	0,	'2023-03-20 07:52:37',	78,	1),
(127,	'Proportion of digital initiatives implemented as per the agreed project plans/road maps',	75,	'(Digital initiatives implemented as per agreed project plan/road map/Digital initiatives scheduled to be implemented)*100',	0,	'2023-03-20 08:46:30',	78,	1),
(128,	'Corporate cyber security readiness level',	60,	'Readiness level as per the cyber security assessment guide (Ref: Corporate Cyber security framework)',	0,	'2023-03-20 09:24:14',	79,	1),
(129,	'Proportion of Budget spent within cost',	100,	'(Actual ICT&R budget expenditure / Budget allocation to department of ICT&R for FY 2022/23)*100',	0,	'2023-03-20 09:37:32',	80,	1),
(130,	'Budget spend cost savings',	100,	'IT&S Budget spend cost savings=(IT&S Budget allocation - Actual ICT budget expenditure) / Budget allocation to department of ICT&R for FY 2022/23)*100',	0,	'2023-03-20 11:21:34',	80,	1),
(131,	'Proportion of risks mitigation measures implemented per function within the FY',	80,	'(Number of risks mitigation measures implemented per function within the FY/Total mitigants identified)*100',	0,	'2023-03-20 12:33:02',	81,	1),
(132,	'Percentage of approved research reports available',	67,	'(Number of approved research reports available( based on approved research agenda studies) for publication / Number of approved research agenda studies for FY 2022/23)*100',	0,	'2023-03-20 13:27:49',	82,	1),
(133,	'Proportion of information resources available for access by multiple users',	60,	'(Number of Information resources available for access by all staff/ Total Information resources planned to be available to users)*100',	0,	'2023-03-20 13:35:00',	82,	1),
(134,	'Proportion of service charter KPIs attained',	60,	'(Number of Service Charter KPIs attained/Total Number of Service Charter KPIs)*100',	0,	'2023-03-21 06:05:35',	83,	1),
(135,	'Percentage of IT systems that are available ',	99,	'(Number of IT systems available/ Number of IT systems monitored)*100',	0,	'2023-03-21 06:20:04',	83,	1),
(136,	'Tools and technology utilization score',	80,	'Enterprise Wide: Number of tools and technology used in execution of business processes/ Number of tools provisioned for execution of business processes',	0,	'2023-03-21 07:34:02',	84,	1),
(137,	'Tools and technology utilization score',	100,	'Internal score: Number of tools and technology used in execution of division business processes/ Number of tools provisioned for execution of business processes',	0,	'2023-03-21 07:39:31',	84,	1),
(138,	'Percentage of staff achieving 65% and above',	70,	'(Number of staff achieving 65% and above /Total Number of staff in the department)*100',	0,	'2023-03-21 07:51:20',	85,	1),
(139,	'Percentage of Departmental targets achieved',	80,	'(Number of Targets achieved/Total Number of Departmental Targets)*100',	0,	'2023-03-21 08:04:19',	86,	1),
(150,	'Frequency of update of UCC information',	70,	' Frequency of update of information=(Percentage of content dissemination plan [1] implemented)',	0,	'2023-04-17 07:33:59',	92,	1),
(152,	'UCC work plan execution rate',	80,	'(Number of UCC implemented activities in time/Total UCC work plan activities)*100 within timelines',	0,	'2023-04-17 08:33:50',	94,	0),
(153,	'Budget Management Score (% of expenditure within budget)',	90,	'(Number of activities executed within budget/total number of budgeted activities)*100',	0,	'2023-04-17 08:45:25',	95,	1),
(154,	'Corporate Performance Reporting score = (percentage of performance reports submitted on time)',	80,	'(Number of performance reports submitted on time/total number of expected performance reports)*100',	0,	'2023-04-17 08:57:31',	96,	1),
(155,	'% of partner commitments met (Local and International)',	75,	'(Number of partner objectives met/total number of stakeholder/partner objectives) *100',	0,	'2023-04-17 08:59:50',	97,	1),
(156,	'Corporate Affairs department charter score',	70,	'(Number of Corporate Affairs Charter targets achieved/total CA targets)*100',	0,	'2023-04-17 09:03:23',	98,	1),
(157,	'CA productivity score (% of staff meeting performance targets) ',	80,	'CA productivity score = (number of staff scoring above 65% in appraisals/Total number of CA department staff)',	0,	'2023-04-17 09:05:39',	99,	1),
(158,	'Tools and Technology utilization score',	50,	'Average Tech Utilization score = (percentage  of CA staff using tech tools/Total number of identified tools)',	0,	'2023-04-17 09:08:09',	100,	1),
(160,	'Frequency of update of UCC information',	70,	'Frequency of update of website content= (% adherence to website content management timelines [2])',	0,	'2023-04-24 14:53:37',	92,	0),
(161,	'Technical accuracy of UCC content',	80,	'Technical accuracy:- Percentage of content adhering to QA standard ( approval by HoDs)',	0,	'2023-04-25 05:33:47',	92,	1),
(162,	'Brand compliance score',	80,	'Percentage of identified branding initiatives implemented',	0,	'2023-04-25 05:59:08',	93,	1),
(164,	'Corporate Affairs workplan execution rate',	80,	'(Number of CA implemented activities within schedule/total CA workplan activities)*100',	0,	'2023-04-25 08:05:20',	94,	1),
(165,	'Percentage of country proposals presented',	60,	'Percentage of international events that have country proposals',	0,	'2023-04-25 08:20:49',	94,	1),
(166,	'Percentage of Corporate Affairs (score card) targets met',	80,	'(Number of CA scorecard targets achieved/Total CA scorecard targets)*100',	0,	'2023-04-25 08:31:58',	94,	1),
(167,	'Internal stakeholder engagement score',	75,	'Percentage of planned internal policy engagements undertaken',	0,	'2023-04-25 09:24:48',	97,	1),
(168,	'Percentage of DIAC staff meeting intended performance goals',	70,	'Staff Productivity Score = (Number of Staff scoring above 70%/Total number of staff appraised)*100',	0,	'2023-04-25 12:29:06',	102,	1),
(169,	'Percentage of planned frameworks developed',	70,	'(number of frameworks developed/number expected frameworks)*100',	0,	'2023-04-25 12:31:46',	98,	1),
(170,	'Percentage increase in revenue',	100,	'Revenue Growth = 100*(Current FY Revenue - Previous FY Revenue)/Previous FY Revenue',	0,	'2023-08-09 09:51:17',	29,	1),
(171,	'Percentage of scorecard targets achieved',	80,	'(Number of Scorecard targets Achieved/Total Number of Scorecard Targets)*100',	0,	'2023-08-11 07:12:18',	63,	1),
(172,	'Proportion of Internal Audit  and risk staff trained as per the skills gap',	70,	'(Number of staff trained in FY 2022-2023/Total number of staff scheduled for training in the FY)*100 ',	0,	'2023-08-14 07:48:17',	104,	1),
(173,	'Proportion of Internal Audit and risk staff attaining 65% performance appraisal score',	80,	'(Number of Internal Audit and risk staff attaining 65% performance appraisal score/Total Number of staff in the department in the FY 2022-23)*100',	0,	'2023-08-14 07:52:15',	104,	1),
(174,	'Number of timely implemented activities in the workplan',	80,	'Number of activities implemented in time/Total workplan activities*100',	0,	'2023-08-15 08:35:10',	51,	0),
(175,	'Percentage of activities executed within budget',	80,	'Number of activities executed within budget/Total number of activities*100',	0,	'2023-08-16 12:41:09',	46,	1),
(176,	'Frequency of update of UCC information',	70,	'Frequency of update of website content=(% adherence to website content management timelines[2])',	0,	'2023-08-18 07:36:52',	92,	1),
(177,	'Percentage of risk reports submitted as per schedule',	80,	'(Number of risk reports submitted within timelines during the FY 2022-23/Total number of risk reports scheduled for the FY 2022-23)*100',	0,	'2023-08-18 13:36:16',	64,	1),
(178,	'Percentage of departmental processes and policies reviewed',	90,	'(Number of departmental processes and policies reviewed/Total Number of departmental processes and policies)*100',	0,	'2023-08-21 07:38:42',	83,	1),
(179,	'Percentage of applications processed in line with the department charter (resources & type approval)',	82,	'(Number of applications processed in line with service charter/Total number of license applications received)*100',	0,	'2023-08-21 12:26:32',	75,	1),
(180,	'Percentage of updated contracts in the data base',	70,	'(Number of contracts updated/Total Number of contracts with pending issues)*100',	0,	'2023-09-28 11:19:47',	9,	1),
(181,	'Percentage of insurance issues resolved',	70,	'(Number of Insurance claims addressed/Total number of insurance claims filed)*100',	0,	'2023-09-28 11:20:21',	9,	1),
(182,	'Percentage of treaties, agreements and resolutions ratified adopted within the commission',	50,	'(Number of Legal and Regulatory obligations adopted within the commission/Total Number of International treaties, agreements and conventions)*100',	0,	'2023-09-28 11:31:09',	17,	1),
(183,	'Percentage of Legal Department activities executed within budget',	80,	'(Number of Legal Department activities executed within budget/Total Number of Legal Department Activities Executed)*100',	0,	'2023-09-28 11:32:14',	18,	1),
(184,	'Percentage of planned procurements completed',	80,	'(Number of planned procurements completed/Total Number of procurements planned)*100',	0,	'2023-09-28 11:32:51',	18,	1),
(185,	'Percentage of identified risks in procurement with mitigation measures',	70,	'(Number of identified risks with mitigation measures/Total Number of identified risks)*100',	0,	'2023-09-28 11:33:44',	21,	1),
(186,	'Proportion of DIAC staff trained as per the skills gap',	100,	'(Number of DIAC staff trained/ Total number of staff scheduled for training in the FY)*100',	0,	'2023-09-28 11:58:21',	102,	1);


--Teams
INSERT INTO `teams` (`id`, `name`, `team_lead`, `created_at`, `department_id`, `status`) VALUES
(1,	'PIR',	'7',	'2023-02-23 08:36:40',	4,	1),
(2,	'SBP',	'5',	'2023-02-23 08:46:15',	4,	1),
(4,	'Regional Offices',	'4',	'2023-02-28 11:49:32',	4,	1),
(5,	'Board Affairs',	'7',	'2023-02-28 11:50:44',	3,	1),
(6,	'Litigation Unit',	'7',	'2023-02-28 11:51:17',	3,	1),
(7,	'Legal Affairs',	'7',	'2023-02-28 11:52:37',	3,	1),
(8,	'Compliance and Enforcement',	'7',	'2023-02-28 11:53:28',	3,	1),
(9,	'Procurement',	'7',	'2023-03-02 07:09:44',	3,	1),
(10,	'Human Resources',	'',	'2023-03-06 12:24:02',	11,	1),
(11,	'Administration',	'7',	'2023-03-06 12:27:07',	11,	1),
(12,	'Expenditure Unit',	'7',	'2023-03-07 06:24:33',	15,	1),
(13,	'Revenue Unit',	'7',	'2023-03-07 06:25:10',	15,	1),
(14,	'Management Accounts',	'7',	'2023-03-07 06:26:02',	15,	1),
(17,	'Risk and Compliance',	'7',	'2023-03-07 08:40:47',	14,	1),
(18,	'Assurance',	'7',	'2023-03-07 08:41:11',	14,	1),
(20,	'Communications Infrastructure Services',	'7',	'2023-03-09 12:34:46',	10,	1),
(21,	'Spectrum Management Division',	'7',	'2023-03-09 12:35:45',	10,	1),
(23,	'UCUSAF',	'5',	'2023-03-16 12:17:08',	12,	1),
(24,	'IT&S',	'5',	'2023-03-20 07:57:32',	13,	1),
(25,	'ISU',	'5',	'2023-03-20 07:59:42',	13,	1),
(26,	'CERT',	'5',	'2023-03-20 08:00:42',	13,	0),
(27,	'R&SD',	'5',	'2023-03-20 08:01:00',	13,	1),
(30,	'Multimedia and Content',	'7',	'2023-04-20 09:20:09',	9,	1),
(31,	'Economic Regulation and Competition ',	'7',	'2023-04-20 09:21:06',	9,	1),
(32,	'Consumer Affairs',	'7',	'2023-04-20 09:21:30',	9,	1),
(33,	'Human Resource',	'9',	'2023-08-14 12:03:50',	11,	1);

